<?xml version = "1.0" encoding = "utf-8"?>
<!DOCTYPE hibernate-configuration SYSTEM 
"http://www.hibernate.org/dtd/hibernate-configuration-3.0.dtd">

<hibernate-configuration>
		<session-factory>
		
		<property name = "hibernate.connection.driver_class">com.mysql.cj.jdbc.Driver</property>
        <property name = "hibernate.connection.url">jdbc:mysql://localhost:3306/vickydb</property>
        <property name = "hibernate.connection.username">root</property>
        <property name = "hibernate.connection.password">Vicky@1996</property>
        
        <property name = "hibernate.show_sql">true</property>
        <property name = "hibernate.format_sql">true</property>
        <property name = "hbm2ddl.auto">update</property>

		
		</session-factory>

</hibernate-configuration>